[
{"country":"Abjasia","capital":"Sujumi"},
{"country":"Afganistán","capital":"Kabul"},
{"country":"Akrotiri y Dhekelia","capital":"Acantonamiento de Episkopi"},
{"country":"Albania","capital":"Tirana"},
{"country":"Argelia","capital":"Argel"},
{"country":"Samoa Americana","capital":"Pago Pago"},
{"country":"Andorra","capital":"Andorra la Vella"},
{"country":"Angola","capital":"Luanda"},
{"country":"Anguila","capital":"El Valle"},
{"country":"Antigua y Barbuda","capital":"San Juan"},
{"country":"Argentina","capital":"Buenos Aires"},
{"country":"Armenia","capital":"Ereván"},
{"country":"Aruba","capital":"Oranjestad"},
{"country":"Isla Ascensión","capital":"Georgetown"},
{"country":"Australia","capital":"Canberra"},
{"country":"Austria","capital":"Viena"},
{"country":"Azerbaiyán","capital":"Bakú"},
{"country":"Bahamas","capital":"Nasáu"},
{"country":"Bahréin","capital":"Manama"},
{"country":"Bangladés","capital":"Dacca"},
{"country":"Barbados","capital":"Bridgetown" },
{"country":"Bielorrusia","capital":"Minsk"},
{"country":"Bélgica","capital":"Bruselas"},
{"country":"Belice","capital":"Belmopán"},
{"country":"Benín","capital":"Porto-Novo"},
{"country":"Bermudas","capital":"Hamilton"},
{"country":"Bután","capital":"Timbu"},
{"country":"Bolivia","capital":"Sucre"},
{"country":"Bolivia","capital":"La Paz"},
{"country":"Bosnia y Herzegovina","capital":"Sarajevo"},
{"country":"Botsuana","capital":"Gaborone"},
{"country":"Brasil","capital":"Brasilia"},
{"country":"Islas Vírgenes Británicas","capital":"Road Town"},
{"country":"Brunéi","capital":"Bandar Seri Begawan"},
{"country":"Bulgaria","capital":"Sofía"},
{"country":"Burkina Faso","capital":"Uagadugú"},
{"country":"Burundi","capital":"Bujumbura"},
{"country":"Camboya","capital":"Phnom Penh"},
{"country":"Camerún","capital":"Yaundé"},
{"country":"Canadá","capital":"Ottawa"},
{"country":"Cabo Verde","capital":"Praia"},
{"country":"Islas Caimán","capital":"George Town"},
{"country":"República Centroafricana","capital":"Bangui"},
{"country":"Chad","capital":"Yamena"},
{"country":"Chile","capital":"Santiago"},
{"country":"China","capital":"Pekín"},
{"country":"Isla de Navidad","capital":"Flying Fish Cove"},
{"country":"Islas Cocos (Keeling)","capital":"Isla Oeste"},
{"country":"Colombia","capital":"Bogotá"},
{"country":"Comoras","capital":"Moroni"},
{"country":"Islas Cook","capital":"Avarua"},
{"country":"Costa Rica","capital":"San José"},
{"country":"Croacia","capital":"Zagreb"},
{"country":"Cuba","capital":"La Habana"},
{"country":"Curazao","capital":"Willemstad"},
{"country":"Chipre","capital":"Nicosia"},
{"country":"República Checa","capital":"Praga"},
{"country":"Costa de Marfil","capital":"Yamusukro"},
{"country":"República Democrática del Congo","capital":"Kinshasa"},
{"country":"Dinamarca","capital":"Copenhague"},
{"country":"Yibuti","capital":"Yibuti"},
{"country":"Dominica","capital":"Roseau"},
{"country":"República Dominicana","capital":"Santo Domingo"},
{"country":"Timor Oriental (Timor Oriental)","capital":"Dili"},
{"country":"Isla de Pascua","capital":"Hanga Roa"},
{"country":"Ecuador","capital":"Quito"},
{"country":"Egipto","capital":"El Cairo"},
{"country":"El Salvador","capital":"San Salvador"},
{"country":"Guinea Ecuatorial","capital":"Malabo"},
{"country":"Eritrea","capital":"Asmara"},
{"country":"Estonia","capital":"Tallin"},
{"country":"Etiopía","capital":"Addis Abeba"},
{"country":"Islas Malvinas","capital":"Stanley"},
{"country":"Islas Feroe","capital":"Tórshavn"},
{"country":"Estados Federados de Micronesia","capital":"Palikir"},
{"country":"Fiyi","capital":"Suva"},
{"country":"Finlandia","capital":"Helsinki"},
{"country":"Francia","capital":"París"},
{"country":"Guayana Francesa","capital":"Cayena"},
{"country":"Polinesia Francesa", "capital": "Papeete"},
{"country":"Gabón", "capital": "Libreville"},
{"country":"Gambia", "capital": "Banjul"},
{"country":"Georgia", "capital": "Tiflis"},
{"country":"Alemania", "capital": "Berlín"},
{"country":"Ghana", "capital": "Acra"},
{"country":"Gibraltar", "capital": "Gibraltar"},
{"country":"Grecia", "capital": "Atenas"},
{"country":"Groenlandia", "capital": "Nuuk"},
{"country":"Granada", "capital": "San Jorge"},
{"country":"Guam", "capital": "Agaña"},
{"country":"Guatemala", "capital": "Ciudad de Guatemala"},
{"country":"Guernsey", "capital": " Saint Peter Port"},
{"country":"Guinea","capital":"Conakry"},
{"country":"Guinea-Bisáu","capital":"Bisáu"},
{"country":"Guyana","capital":"Georgetown"},
{"country":"Haití","capital":"Puerto Príncipe"},
{"country":"Honduras","capital":"Tegucigalpa"},
{"country":"Hungría","capital":"Budapest"},
{"country":"Islandia","capital":"Reikiavik"},
{"country":"India","capital":"Nueva Delhi"},
{"country":"Indonesia","capital":"Yakarta"},
{"country":"Irán","capital":"Teherán"},
{"country":"Irak","capital":"Bagdad"},
{"country":"Irlanda","capital":"Dublín"},
{"country":"Isla de Hombre","capital":"Douglas"},
{"country":"Israel","capital":"Jerusalén"},
{"country":"Italia","capital":"Roma"},
{"country":"Jamaica","capital":"Kingston"},
{"country":"Japón","capital":"Tokio"},
{"country":"Jersey","capital":"St. Helier"},
{"country":"Jordania","capital":"Ammán"},
{"country":"Kazajistán","capital":"Astaná"},
{"country":"Kenia","capital":"Nairobi"},
{"country":"Kiribati","capital":"Tarawa"},
{"country":"Kosovo","capital":"Pristina"},
{"country":"Kuwait","capital":"Ciudad de Kuwait"},
{"country":"Kirguistán","capital":"Biskek"},
{"country":"Laos","capital":"Vientián"},
{"country":"Letonia","capital":"Riga"},
{"country":"Líbano","capital":"Beirut"},
{"country":"Lesoto","capital":"Maseru"},
{"country":"Liberia","capital":"Monrovia"},
{"country":"Libia","capital":"Trípoli"},
{"country":"Liechtenstein","capital":"Vaduz"},
{"country":"Lituania","capital":"Vilna"},
{"country":"Luxemburgo","capital":"Luxemburgo"},
{"country":"Macedonia","capital":"Skopie"},
{"country":"Madagascar","capital":"Antananarivo"},
{"country":"Malawi","capital":"Lilongüe"},
{"country":"Malasia","capital":"Kuala Lumpur"},
{"country":"Maldivas","capital":"Malé"},
{"country":"Malí","capital":"Bamako"},
{"country":"Malta","capital":"La Valeta"},
{"country":"Islas Marshall","capital":"Majuro"},
{"country":"Mauritania","capital":"Nouakchott"},
{"country":"Mauricio","capital":"Port Louis"},
{"country":"México","capital":"Ciudad de México"},
{"country":"Moldavia","capital":"Chisinau"},
{"country":"Mónaco","capital":"Mónaco"},
{"country":"Mongolia","capital":"Ulán Bator"},
{"country":"Montenegro","capital":"Podgorica"},
{"country":"Montserrat","capital":"Plymouth"},
{"country":"Marruecos","capital":"Rabat"},
{"country":"Mozambique","capital":"Maputo"},
{"country":"Myanmar","capital":"Naipyidó"},
{"country":"República de Nagorno-Karabaj","capital":"Stepanakert"},
{"country":"Namibia","capital":"Windhoek"},
{"country":"Nauru","capital":"Yaren"},
{"country":"Nepal","capital":"Katmandú"},
{"country":"Países Bajos","capital":"Ámsterdam"},
{"country":"Nuevo Caledonia","capital":"Numea"},
{"country":"Nueva Zelanda","capital":"Wellington"},
{"country":"Nicaragua","capital":"Managua"},
{"country":"Níger","capital":"Niamey"},
{"country":"Nigeria","capital":"Abuja"},
{"country":"Niue","capital":"Alofi"},
{"country":"Isla Norfolk","capital":"Kingston"},
{"country":"Corea del Norte","capital":"Pyongyang"},
{"country":"Chipre del Norte","capital":"Nicosia"},
{"country":"Reino Unido Irlanda del Norte","capital":"Belfast"},
{"country":"Marianas del Norte Islas","capital":"Saipan"},
{"country":"Noruega","capital":"Oslo"},
{"country":"Omán","capital":"Mascate"},
{"country":"Pakistán","capital":"Islamabad"},
{"country":"Palaos","capital":"Ngerulmud"},
{"country":"Palestina","capital":"Jerusalén"},
{"country":"Panamá","capital":"Ciudad de Panamá"},
{"country":"Papúa Nueva Guinea","capital":"Port Moresby"},
{"country":"Paraguay","capital":"Asunción"},
{"country":"Perú","capital":"Lima"},
{"country":"Filipinas","capital":"Manila"},
{"country":"Pitcairn Islas","capital":"Adamstown"},
{"country":"Polonia","capital":"Varsovia"},
{"country":"Portugal","capital":"Lisboa"},
{"country":"Puerto Rico","capital":"San Juan"},
{"country":"Catar","capital":"Doha"},
{"country":"República de China (Taiwán)","capital":"Taipéi"},
{"country":"República del Congo","capital":"Brazzaville"},
{"country":"Rumania","capital":"Bucarest"},
{"country":"Rusia","capital":"Moscú"},
{"country":"Ruanda","capital":"Kigali"},
{"country":"San Bartolomé","capital":"Gustavia"},
{"country":"Santa Elena","capital":"Jamestown"},
{"country":"San Cristóbal y Nieves","capital":"Basseterre"},
{"country":"San Santa Lucía","capital":"Castries"},
{"country":"San Martín","capital":"Marigot"},
{"country":"San Pedro y Miquelón","capital":"St. Pierre"},
{"country":"San Vicente y las Granadinas","capital":"Kingstown"},
{"country":"Samoa","capital":"Apia"},
{"country":"San Marino","capital":"San Marino"},
{"country":"Arabia Saudita","capital":"Riad"},
{"country":"Escocia","capital":"Edimburgo"},
{"country":"Senegal","capital":"Dakar"},
{"country":"Serbia","capital":"Belgrado"},
{"country":"Seychelles","capital":"Victoria"},
{"country":"Sierra Leona","capital":"Freetown"},
{"country":"Singapur","capital":"Singapur"},
{"country":"Sint Maarten","capital":"Philipsburg"},
{"country":"Eslovaquia","capital":"Bratislava"},
{"country":"Eslovenia","capital":"Liubliana"},
{"country":"Islas Salomón","capital":"Honiara"},
{"country":"Somalia","capital":"Mogadiscio"},
{"country":"Somalilandia","capital":"Hargeisa"},
{"country":"Sudáfrica","capital":"Pretoria"},
{"country":"Islas Georgias del Sur y Sandwich del Sur","capital":"Grytviken"},
{"country":"Corea del Sur","capital":"Seúl"},
{"country":"Osetia del Sur","capital":"Tsjinvali"},
{"country":"Sudán del Sur","capital":"Juba"},
{"country":"España","capital":"Madrid"},
{"country":"Sri Lanka","capital":"Sri Jayawardenapura Kotte"},
{"country":"Sudán","capital":"Jartum"},
{"country":"Surinam","capital":"Paramaribo"},
{"country":"Suazilandia","capital":"Mbabane"},
{"country":"Suecia","capital":"Estocolmo"},
{"country":"Suiza","capital":"Berna"},
{"country":"Siria","capital":"Damasco"},
{"country":"São Tomé y Príncipe","capital":"São Tomé"},
{"country":"Tayikistán","capital":"Dushanbe"},
{"country":"Tanzania","capital":"Dodoma"},
{"country":"Tailandia","capital":"Bangkok"},
{"country":"Togo","capital":"Lomé"},
{"country":"Tonga","capital":"Nuku'alofa"},
{"country":"Transnistria","capital":"Tiraspol"},
{"country":"Trinidad y Tobago","capital":"Puerto España"},
{"country":"Tristán da Cunha","capital":"Edimburgo de los Siete Mares"},
{"country":"Túnez","capital":"Túnez"},
{"country":"Turquía","capital":"Ankara"},
{"country":"Turkmenistán","capital":"Asjabad"},
{"country":"Islas Turcas y Caicos","capital":"Cockburn Town"},
{"country":"Tuvalu","capital":"Funafuti"},
{"country":"Uganda","capital":"Kampala"},
{"country":"Ucrania","capital":"Kiev"},
{"country":"Emiratos Árabes Unidos","capital":"Abu Dabi"},
{"country":"Reino Unido; Inglaterra","capital":"Londres"},
{"country":"Estados Unidos","capital":"Washington, D.C."},
{"country":"Islas Vírgenes de los Estados Unidos","capital":"Charlotte Amalie"},
{"country":"Uruguay","capital":"Montevideo"},
{"country":"Uzbekistán","capital":"Taskent"},
{"country":"Vanuatu","capital":"Port Vila"},
{"country":"Ciudad del Vaticano","capital":"Ciudad del Vaticano"},
{"country":"Venezuela","capital":"Caracas"},
{"country":"Vietnam","capital":"Hanói"},
{"country":"Gales","capital":"Cardiff"},
{"country":"Wallis y Futuna","capital":"Mata-Utu"},
{"country":"Sáhara Occidental","capital":"El Aaiún"},
{"country":"Yemen","capital":"Saná"},
{"country":"Zambia","capital":"Lusaka"},
{"country":"Zimbabue","capital":"Harare"}
]